﻿<?xml version="1.0" encoding="utf-8" ?>
<Config> 
  <!--my area-->
  <Data DbType="SQLServer">
    <Access type="Zivsoft.Data.Access.AccessDbOperator;Zivsoft.Data.Access,Version=1.0.3295.29087,Culture=neutral, PublicKeyToken=3266f10ce3531d0e">
      <add key="ConnectionString" value="Provider=Microsoft.Jet.OLEDB.4.0;Data Source=~\App_Data\home.accdb"/>
      <add key="AutoCreateTable" value="false"/>
      <add key="AutoCreateDb" value="true"/>
    </Access>
    <SQLServer type="Zivsoft.Data.SQLServer.SqlServerDbOperator;Zivsoft.Data.SQLServer,Version=1.0.3295.29087,Culture=neutral, PublicKeyToken=3266f10ce3531d0e">
      <add key="ConnectionString" value="Data Source=Lihua-PC\SQLEXPRESS;Initial Catalog=Sample;Integrated Security=True;Pooling=False"/>
      <add key="AutoCreateTable" value="true"/>
      <add key="AutoCreateDb" value="true"/>
    </SQLServer>
  </Data>
  <Localization loc="zh-cn">
    <en-us>App_Data\Localization\ResourceEn.xml</en-us>
    <zh-cn>App_Data\Localization\ResourceCn.xml</zh-cn>
    <zh-tw>App_Data\Localization\ResourceTw.xml</zh-tw>
    <jp-wh>App_Data\Localization\ResourceJp.xml</jp-wh>
    <ko-kr>App_Data\Localization\ResourceKo.xml</ko-kr>
    <es-mx>App_Data\Localization\ResourceEs.xml</es-mx>
  </Localization>
  <Log level="DEBUG">
    <LogFile>App_Data\log.log</LogFile>
  </Log>
</Config>