﻿<?xml version="1.0" encoding="utf-8"?>
<Project ToolsVersion="3.5" DefaultTargets="Build" xmlns="http://schemas.microsoft.com/developer/msbuild/2003">
  <PropertyGroup>
    <Configuration Condition=" '$(Configuration)' == '' ">Debug</Configuration>
    <Platform Condition=" '$(Platform)' == '' ">AnyCPU</Platform>
    <ProductVersion>9.0.21022</ProductVersion>
    <SchemaVersion>2.0</SchemaVersion>
    <ProjectGuid>{9D38D9D1-2340-4FE7-B4F3-C7A519956105}</ProjectGuid>
    <OutputType>Exe</OutputType>
    <AppDesignerFolder>Properties</AppDesignerFolder>
    <RootNamespace>[%RootNamespace%]</RootNamespace>
    <AssemblyName>[%AssemblyName%]</AssemblyName>
    <TargetFrameworkVersion>v3.5</TargetFrameworkVersion>
    <FileAlignment>512</FileAlignment>
  </PropertyGroup>
  <PropertyGroup Condition=" '$(Configuration)|$(Platform)' == 'Debug|AnyCPU' ">
    <DebugSymbols>true</DebugSymbols>
    <DebugType>full</DebugType>
    <Optimize>false</Optimize>
    <OutputPath>bin\Debug\</OutputPath>
    <DefineConstants>DEBUG;TRACE</DefineConstants>
    <ErrorReport>prompt</ErrorReport>
    <WarningLevel>4</WarningLevel>
  </PropertyGroup>
  <PropertyGroup Condition=" '$(Configuration)|$(Platform)' == 'Release|AnyCPU' ">
    <DebugType>pdbonly</DebugType>
    <Optimize>true</Optimize>
    <OutputPath>bin\Release\</OutputPath>
    <DefineConstants>TRACE</DefineConstants>
    <ErrorReport>prompt</ErrorReport>
    <WarningLevel>4</WarningLevel>
  </PropertyGroup>
  <ItemGroup>
    <Reference Include="System" />
    <Reference Include="System.Core">
      <RequiredTargetFramework>3.5</RequiredTargetFramework>
    </Reference>
    <Reference Include="System.Xml.Linq">
      <RequiredTargetFramework>3.5</RequiredTargetFramework>
    </Reference>
    <Reference Include="System.Data.DataSetExtensions">
      <RequiredTargetFramework>3.5</RequiredTargetFramework>
    </Reference>
    <Reference Include="System.Data" />
    <Reference Include="System.Xml" />
  </ItemGroup>
  <ItemGroup>
  </ItemGroup>
  <Import Project="$(MSBuildToolsPath)\Microsoft.CSharp.targets" />
  <!-- To modify your build process, add your task inside one of the targets below and uncomment it. 
       Other similar extension points exist, see Microsoft.Common.targets.
  <Target Name="BeforeBuild">
  </Target>
  <Target Name="AfterBuild">
  </Target>
  -->
</Project>