﻿<Project ToolsVersion="3.5" DefaultTargets="Build" xmlns="http://schemas.microsoft.com/developer/msbuild/2003">
  <PropertyGroup>
    <Configuration Condition=" '$(Configuration)' == '' ">Debug</Configuration>
    <Platform Condition=" '$(Platform)' == '' ">AnyCPU</Platform>
    <ProductVersion>9.0.21022</ProductVersion>
    <SchemaVersion>2.0</SchemaVersion>
    <ProjectGuid>{025C1A1F-F44B-4F29-8B41-4862F068F58E}</ProjectGuid>
    <ProjectTypeGuids>{349c5851-65df-11da-9384-00065b846f21};{fae04ec0-301f-11d3-bf4b-00c04f79efbc}</ProjectTypeGuids>
    <OutputType>Library</OutputType>
    <AppDesignerFolder>Properties</AppDesignerFolder>
    <RootNamespace>[%RootNamespace%]</RootNamespace>
    <AssemblyName>[%AssemblyName%]</AssemblyName>
    <TargetFrameworkVersion>v3.5</TargetFrameworkVersion>
  </PropertyGroup>
  <PropertyGroup Condition=" '$(Configuration)|$(Platform)' == 'Debug|AnyCPU' ">
    <DebugSymbols>true</DebugSymbols>
    <DebugType>full</DebugType>
    <Optimize>false</Optimize>
    <OutputPath>bin\</OutputPath>
    <DefineConstants>DEBUG;TRACE</DefineConstants>
    <ErrorReport>prompt</ErrorReport>
    <WarningLevel>4</WarningLevel>
  </PropertyGroup>
  <PropertyGroup Condition=" '$(Configuration)|$(Platform)' == 'Release|AnyCPU' ">
    <DebugType>pdbonly</DebugType>
    <Optimize>true</Optimize>
    <OutputPath>bin\</OutputPath>
    <DefineConstants>TRACE</DefineConstants>
    <ErrorReport>prompt</ErrorReport>
    <WarningLevel>4</WarningLevel>
  </PropertyGroup>
  <ItemGroup>
    <Reference Include="System" />
    <Reference Include="System.Data" />
    <Reference Include="System.Core">
      <RequiredTargetFramework>3.5</RequiredTargetFramework>
    </Reference>
    <Reference Include="System.Data.DataSetExtensions">
      <RequiredTargetFramework>3.5</RequiredTargetFramework>
    </Reference>
    <Reference Include="System.Web.Extensions">
      <RequiredTargetFramework>3.5</RequiredTargetFramework>
    </Reference>
    <Reference Include="System.Xml.Linq">
      <RequiredTargetFramework>3.5</RequiredTargetFramework>
    </Reference>
    <Reference Include="System.Drawing" />
    <Reference Include="System.Web" />
    <Reference Include="System.Xml" />
    <Reference Include="System.Configuration" />
    <Reference Include="System.Web.Services" />
    <Reference Include="System.EnterpriseServices" />
    <Reference Include="System.Web.Mobile" />
  </ItemGroup>
  <ItemGroup>
  </ItemGroup>
  <ItemGroup>
  </ItemGroup>
  <ItemGroup>
    <Folder Include="App_Data\" />
  </ItemGroup>
  <Import Project="$(MSBuildBinPath)\Microsoft.CSharp.targets" />
  <Import Project="$(MSBuildExtensionsPath)\Microsoft\VisualStudio\v9.0\WebApplications\Microsoft.WebApplication.targets" />
  <!-- To modify your build process, add your task inside one of the targets below and uncomment it. 
       Other similar extension points exist, see Microsoft.Common.targets.
  <Target Name="BeforeBuild">
  </Target>
  <Target Name="AfterBuild">
  </Target>
  -->
  <ProjectExtensions>
    <VisualStudio>
      <FlavorProperties GUID="{349c5851-65df-11da-9384-00065b846f21}">
        <WebProjectProperties>
          <UseIIS>False</UseIIS>
          <AutoAssignPort>True</AutoAssignPort>
          <DevelopmentServerPort>2253</DevelopmentServerPort>
          <DevelopmentServerVPath>/</DevelopmentServerVPath>
          <IISUrl>
          </IISUrl>
          <NTLMAuthentication>False</NTLMAuthentication>
          <SaveServerSettingsInUserFile>False</SaveServerSettingsInUserFile>
        </WebProjectProperties>
      </FlavorProperties>
    </VisualStudio>
  </ProjectExtensions>
</Project>