<?xml version="1.0" encoding="gb2312"?>
<VisualStudioProject
	ProjectType="Visual C++"
	Version="9.00"
	Name="Win32"
	ProjectGUID="{D4A6855F-646C-45DD-9804-FB53DF86878C}"
	RootNamespace="Win32"
	Keyword="Win32Proj"
	TargetFrameworkVersion="196613"
	>
	<Platforms>
		<Platform
			Name="Win32"
		/>
	</Platforms>
	<ToolFiles>
	</ToolFiles>
	<Configurations>
		<Configuration
			Name="Debug|Win32"
			OutputDirectory="$(SolutionDir)$(ConfigurationName)"
			IntermediateDirectory="$(ConfigurationName)"
			ConfigurationType="2"
			CharacterSet="1"
			>
			<Tool
				Name="VCPreBuildEventTool"
			/>
			<Tool
				Name="VCCustomBuildTool"
			/>
			<Tool
				Name="VCXMLDataGeneratorTool"
			/>
			<Tool
				Name="VCWebServiceProxyGeneratorTool"
			/>
			<Tool
				Name="VCMIDLTool"
			/>
			<Tool
				Name="VCCLCompilerTool"
				Optimization="0"
				PreprocessorDefinitions="WIN32;_DEBUG;_WINDOWS;_USRDLL;WIN32_EXPORTS"
				MinimalRebuild="true"
				BasicRuntimeChecks="3"
				RuntimeLibrary="3"
				UsePrecompiledHeader="2"
				WarningLevel="3"
				DebugInformationFormat="4"
			/>
			<Tool
				Name="VCManagedResourceCompilerTool"
			/>
			<Tool
				Name="VCResourceCompilerTool"
			/>
			<Tool
				Name="VCPreLinkEventTool"
			/>
			<Tool
				Name="VCLinkerTool"
				LinkIncremental="2"
				GenerateDebugInformation="true"
				SubSystem="2"
				TargetMachine="1"
			/>
			<Tool
				Name="VCALinkTool"
			/>
			<Tool
				Name="VCManifestTool"
			/>
			<Tool
				Name="VCXDCMakeTool"
			/>
			<Tool
				Name="VCBscMakeTool"
			/>
			<Tool
				Name="VCFxCopTool"
			/>
			<Tool
				Name="VCAppVerifierTool"
			/>
			<Tool
				Name="VCPostBuildEventTool"
			/>
		</Configuration>
		<Configuration
			Name="Release|Win32"
			OutputDirectory="$(SolutionDir)$(ConfigurationName)"
			IntermediateDirectory="$(ConfigurationName)"
			ConfigurationType="2"
			CharacterSet="1"
			WholeProgramOptimization="1"
			>
			<Tool
				Name="VCPreBuildEventTool"
			/>
			<Tool
				Name="VCCustomBuildTool"
			/>
			<Tool
				Name="VCXMLDataGeneratorTool"
			/>
			<Tool
				Name="VCWebServiceProxyGeneratorTool"
			/>
			<Tool
				Name="VCMIDLTool"
			/>
			<Tool
				Name="VCCLCompilerTool"
				Optimization="2"
				EnableIntrinsicFunctions="true"
				PreprocessorDefinitions="WIN32;NDEBUG;_WINDOWS;_USRDLL;WIN32_EXPORTS"
				RuntimeLibrary="2"
				EnableFunctionLevelLinking="true"
				UsePrecompiledHeader="2"
				WarningLevel="3"
				DebugInformationFormat="3"
			/>
			<Tool
				Name="VCManagedResourceCompilerTool"
			/>
			<Tool
				Name="VCResourceCompilerTool"
			/>
			<Tool
				Name="VCPreLinkEventTool"
			/>
			<Tool
				Name="VCLinkerTool"
				LinkIncremental="1"
				GenerateDebugInformation="true"
				SubSystem="2"
				OptimizeReferences="2"
				EnableCOMDATFolding="2"
				TargetMachine="1"
			/>
			<Tool
				Name="VCALinkTool"
			/>
			<Tool
				Name="VCManifestTool"
			/>
			<Tool
				Name="VCXDCMakeTool"
			/>
			<Tool
				Name="VCBscMakeTool"
			/>
			<Tool
				Name="VCFxCopTool"
			/>
			<Tool
				Name="VCAppVerifierTool"
			/>
			<Tool
				Name="VCPostBuildEventTool"
			/>
		</Configuration>
	</Configurations>
	<References>
	</References>
	<Files>
		<Filter
			Name="Source Files"
			Filter="cpp;c;cc;cxx;def;odl;idl;hpj;bat;asm;asmx"
			UniqueIdentifier="{4FC737F1-C7A5-4376-A066-2A32D752A2FF}"
			>
			<File
				RelativePath=".\dllmain.cpp"
				>
				<FileConfiguration
					Name="Debug|Win32"
					>
					<Tool
						Name="VCCLCompilerTool"
						UsePrecompiledHeader="0"
						CompileAsManaged="0"
					/>
				</FileConfiguration>
				<FileConfiguration
					Name="Release|Win32"
					>
					<Tool
						Name="VCCLCompilerTool"
						UsePrecompiledHeader="0"
						CompileAsManaged="0"
					/>
				</FileConfiguration>
			</File>
			<File
				RelativePath=".\stdafx.cpp"
				>
				<FileConfiguration
					Name="Debug|Win32"
					>
					<Tool
						Name="VCCLCompilerTool"
						UsePrecompiledHeader="1"
					/>
				</FileConfiguration>
				<FileConfiguration
					Name="Release|Win32"
					>
					<Tool
						Name="VCCLCompilerTool"
						UsePrecompiledHeader="1"
					/>
				</FileConfiguration>
			</File>
		</Filter>
		<Filter
			Name="Header Files"
			Filter="h;hpp;hxx;hm;inl;inc;xsd"
			UniqueIdentifier="{93995380-89BD-4b04-88EB-625FBE52EBFB}"
			>
		</Filter>
		<Filter
			Name="Resource Files"
			Filter="rc;ico;cur;bmp;dlg;rc2;rct;bin;rgs;gif;jpg;jpeg;jpe;resx;tiff;tif;png;wav"
			UniqueIdentifier="{67DA6AB6-F800-4c08-8B7A-83BB121AAD01}"
			>
		</Filter>
	</Files>
	<Globals>
	</Globals>
</VisualStudioProject>
