﻿<?xml version="1.0" encoding="utf-8"?>
<Project ToolsVersion="3.5" DefaultTargets="Build" xmlns="http://schemas.microsoft.com/developer/msbuild/2003">
  <PropertyGroup>
    <Configuration Condition=" '$(Configuration)' == '' ">Debug</Configuration>
    <Platform Condition=" '$(Platform)' == '' ">AnyCPU</Platform>
    <ProductVersion>9.0.21022</ProductVersion>
    <SchemaVersion>2.0</SchemaVersion>
    <ProjectGuid>{BDA45673-F59F-486F-B770-BE0EC820E17D}</ProjectGuid>
    <OutputType>WinExe</OutputType>
    <AppDesignerFolder>Properties</AppDesignerFolder>
    <RootNamespace>[%RootNamespace%]</RootNamespace>
    <AssemblyName>[%AssemblyName%]</AssemblyName>
    <TargetFrameworkVersion>v3.5</TargetFrameworkVersion>
    <FileAlignment>512</FileAlignment>
    <ProjectTypeGuids>{60dc8134-eba5-43b8-bcc9-bb4bc16c2548};{FAE04EC0-301F-11D3-BF4B-00C04F79EFBC}</ProjectTypeGuids>
    <WarningLevel>4</WarningLevel>
  </PropertyGroup>
  <PropertyGroup Condition=" '$(Configuration)|$(Platform)' == 'Debug|AnyCPU' ">
    <DebugSymbols>true</DebugSymbols>
    <DebugType>full</DebugType>
    <Optimize>false</Optimize>
    <OutputPath>bin\Debug\</OutputPath>
    <DefineConstants>DEBUG;TRACE</DefineConstants>
    <ErrorReport>prompt</ErrorReport>
    <WarningLevel>4</WarningLevel>
  </PropertyGroup>
  <PropertyGroup Condition=" '$(Configuration)|$(Platform)' == 'Release|AnyCPU' ">
    <DebugType>pdbonly</DebugType>
    <Optimize>true</Optimize>
    <OutputPath>bin\Release\</OutputPath>
    <DefineConstants>TRACE</DefineConstants>
    <ErrorReport>prompt</ErrorReport>
    <WarningLevel>4</WarningLevel>
  </PropertyGroup>
  <ItemGroup>
    <Reference Include="System" />
    <Reference Include="System.Core">
      <RequiredTargetFramework>3.5</RequiredTargetFramework>
    </Reference>
    <Reference Include="System.Xml.Linq">
      <RequiredTargetFramework>3.5</RequiredTargetFramework>
    </Reference>
    <Reference Include="System.Data.DataSetExtensions">
      <RequiredTargetFramework>3.5</RequiredTargetFramework>
    </Reference>
    <Reference Include="System.Data" />
    <Reference Include="System.Xml" />
    <Reference Include="WindowsBase" />
    <Reference Include="PresentationCore" />
    <Reference Include="PresentationFramework" />
  </ItemGroup>
  <ItemGroup>
    <ApplicationDefinition Include="App.xaml">
      <Generator>MSBuild:Compile</Generator>
      <SubType>Designer</SubType>
    </ApplicationDefinition>
    <Page Include="Window1.xaml">
      <Generator>MSBuild:Compile</Generator>
      <SubType>Designer</SubType>
    </Page>
    <Compile Include="App.xaml.cs">
      <DependentUpon>App.xaml</DependentUpon>
      <SubType>Code</SubType>
    </Compile>
    <Compile Include="Window1.xaml.cs">
      <DependentUpon>Window1.xaml</DependentUpon>
      <SubType>Code</SubType>
    </Compile>
  </ItemGroup>
  <ItemGroup>
    <Compile Include="Properties\AssemblyInfo.cs">
      <SubType>Code</SubType>
    </Compile>
    <Compile Include="Properties\Resources.Designer.cs">
      <AutoGen>True</AutoGen>
      <DesignTime>True</DesignTime>
      <DependentUpon>Resources.resx</DependentUpon>
    </Compile>
    <Compile Include="Properties\Settings.Designer.cs">
      <AutoGen>True</AutoGen>
      <DependentUpon>Settings.settings</DependentUpon>
      <DesignTimeSharedInput>True</DesignTimeSharedInput>
    </Compile>
    <EmbeddedResource Include="Properties\Resources.resx">
      <Generator>ResXFileCodeGenerator</Generator>
      <LastGenOutput>Resources.Designer.cs</LastGenOutput>
    </EmbeddedResource>
    <None Include="Properties\Settings.settings">
      <Generator>SettingsSingleFileGenerator</Generator>
      <LastGenOutput>Settings.Designer.cs</LastGenOutput>
    </None>
    <AppDesigner Include="Properties\" />
  </ItemGroup>
  <Import Project="$(MSBuildToolsPath)\Microsoft.CSharp.targets" />
  <!-- To modify your build process, add your task inside one of the targets below and uncomment it. 
       Other similar extension points exist, see Microsoft.Common.targets.
  <Target Name="BeforeBuild">
  </Target>
  <Target Name="AfterBuild">
  </Target>
  -->
</Project>