﻿<?xml version="1.0" encoding="utf-8" ?>
<Config> 
  <Localization loc="zh-cn">
    <en-us>App_Data\Localization\ResourceEn.xml</en-us>
    <zh-cn>App_Data\Localization\ResourceCn.xml</zh-cn>
    <zh-tw>App_Data\Localization\ResourceTw.xml</zh-tw>
    <jp-wh>App_Data\Localization\ResourceJp.xml</jp-wh>
    <ko-kr>App_Data\Localization\ResourceKo.xml</ko-kr>
    <es-mx>App_Data\Localization\ResourceEs.xml</es-mx>
  </Localization>
  <Log level="DEBUG">
    <LogFile>App_Data\log.log</LogFile>
  </Log>
</Config>