﻿<?xml version="1.0" encoding="utf-8" ?>
<root>
  <side Name="Front">
    <item FirstName="Andrew" LastName="Bloggs" Age="38" HairColour="Brown" />
    <item FirstName="Rachel" LastName="Smith" Age="39" HairColour="Red" />
    <item FirstName="Grace" LastName="Williams" Age="8" HairColour="Brown" />
    <item FirstName="Marcus" LastName="Doe" Age="32" HairColour="Black" />
    <item FirstName="Justin" LastName="Jones" Age="36" HairColour="Brown" />
    <item FirstName="Shirley" LastName="Black" Age="62" HairColour="Blonde" />
  </side>
  <side Name="Back">
    <item FirstName="Rachel" LastName="Smith" Age="39" HairColour="Red" />
    <item FirstName="Andrew" LastName="Bloggs" Age="38" HairColour="Brown" />
    <item FirstName="Grace" LastName="Williams" Age="8" HairColour="Brown" />
    <item FirstName="Marcus" LastName="Doe" Age="32" HairColour="Black" />
    <item FirstName="Justin" LastName="Jones" Age="36" HairColour="Brown" />
    <item FirstName="Shirley" LastName="Black" Age="62" HairColour="Blonde" />
  </side>
  <side Name="Left">
    <item FirstName="Grace" LastName="Bloggs" Age="8" HairColour="Brown" />
    <item FirstName="Andrew" LastName="Bloggs" Age="38" HairColour="Brown" />
    <item FirstName="Rachel" LastName="Smith" Age="39" HairColour="Red" />
    <item FirstName="Marcus" LastName="Doe" Age="32" HairColour="Black" />
    <item FirstName="Grace" LastName="Williams" Age="8" HairColour="Brown" />
    <item FirstName="Shirley" LastName="Black" Age="62" HairColour="Blonde" />
  </side>
  <side Name="Right">
    <item FirstName="Marcus" LastName="Doe" Age="32" HairColour="Black" />
    <item FirstName="Andrew" LastName="Bloggs" Age="38" HairColour="Brown" />
    <item FirstName="Rachel" LastName="Smith" Age="39" HairColour="Red" />
    <item FirstName="Grace" LastName="Williams" Age="8" HairColour="Brown" />
    <item FirstName="Justin" LastName="Jones" Age="36" HairColour="Brown" />
    <item FirstName="Shirley" LastName="Black" Age="62" HairColour="Blonde" />
  </side>
  <side Name="Top">
    <item FirstName="Justin" LastName="Jones" Age="36" HairColour="Brown" />
    <item FirstName="Andrew" LastName="Bloggs" Age="38" HairColour="Brown" />
    <item FirstName="Rachel" LastName="Smith" Age="39" HairColour="Red" />
    <item FirstName="Grace" LastName="Williams" Age="8" HairColour="Brown" />
    <item FirstName="Marcus" LastName="Doe" Age="32" HairColour="Black" />
    <item FirstName="Shirley" LastName="Black" Age="62" HairColour="Blonde" />
  </side>
  <side Name="Bottom">
    <item FirstName="Shirley" LastName="Black" Age="62" HairColour="Blonde" />
    <item FirstName="Andrew" LastName="Bloggs" Age="38" HairColour="Brown" />
    <item FirstName="Rachel" LastName="Smith" Age="39" HairColour="Red" />
    <item FirstName="Grace" LastName="Williams" Age="8" HairColour="Brown" />
    <item FirstName="Marcus" LastName="Doe" Age="32" HairColour="Black" />
    <item FirstName="Justin" LastName="Jones" Age="36" HairColour="Brown" />
  </side>
</root>
