﻿<?xml version="1.0" standalone="yes"?>
<Resource xmlns:xsi="http://www.w3.org/2001/XMLSchema-instance">
	<!--System localized-->
	<config module="Product">
		<item key="IndexTitle">일반 사용자</item>
		<item key="Title">Demo 일반 사용자</item>
    <item key="SubTitle">일반 사용자 일반 사용자일반 사용자</item>
		<item key="Copyright">Copyright 일반 사용자.com 2000-2007</item>
	</config>
	<config module="Login">
		<item key="Login">일반 사용자</item>
    <item key="Title">일반 사용자 Title</item>
    <item key="UserName">User</item>
    <item key="Password">일반 사용자</item>
    <item key="PageTitle">You 일반 사용자 not logined yet.</item>
    <item key="ChineseName">일반 사용자 name</item>
    <item key="EnglishName">English name</item>
    <item key="Role">일반 사용자</item>
    <item key="Submit">일반 사용자</item>
	</config>
	<config module="ButtonText">
		<item key="Blog">일반 사용자</item>
		<item key="Bokee">일반 사용자</item>
		<item key="Message">일반 사용자</item>
		<item key="Exit">Exit</item>
		<item key="Save">Save</item>
		<item key="Cancel">Cancel</item>
		<item key="OK">OK</item>
		<item key="View">View</item>
    <item key="New">New</item>
    <item key="Del">Delete</item>
    <item key="KindMgr">Category Manager</item>
    <item key="Return">Return</item>
	</config>
	<config module="Header">
		<item key="Home">Homepage</item>
		<item key="HomeLink">http://www.zivsoft.com</item>
		<item key="Blog">일반 사용자</item>
		<item key="BlogLink">http://blog.zivsoft.com</item>
		<item key="Bbs">일반 사용자</item>
		<item key="BbsLink">http://bbs.zivsoft.com</item>
	</config>
	<config module="Error">
		<item key="Title">Page 일반 사용자!</item>
	</config>
	<!-- The following are the module localized-->
	<config module="SysAdmin">
		<item key="InsertSuccess">일반 사용자!</item>
	</config>
  <config module="Result">
    <item key="Success">일반 사용자</item>
  </config>
  <!--Db localized-->
  <config module="UserInfo">
    <item key="UserId">ㅜㅑㄴㅇㄹㄴㅇ랴ㅑㅣㅑㅐㅣㅑㅐㄴㅇㄹㅇ냐리ㅣㅣㅑㅐㅔㅇㄴㄹ</item>
    <item key="UserName">ㅜㅑㄴㅇㄹㄴㅇ랴ㅑㅣㅑㅐㅣㅑㅐㄴㅇㄹㅇ냐리ㅣㅣㅑㅐㅔㅇㄴㄹ</item>
    <item key="Password">ㅜㅑㄴㅇㄹㄴㅇ랴ㅑㅣㅑㅐㅣㅑㅐㄴㅇㄹㅇ냐리ㅣㅣㅑㅐㅔㅇㄴㄹ</item>
  </config>
</Resource>