﻿<?xml version="1.0" standalone="yes"?>
<Resource xmlns:xsi="http://www.w3.org/2001/XMLSchema-instance">
	<!--System localized-->
	<config module="Product">
		<item key="IndexTitle">パートナー、IT ビジネス</item>
		<item key="Title">パートナー、IT ビジネス</item>
    <item key="SubTitle">パートナー、IT ビジネス</item>
		<item key="Copyright">りま パートナー、IT ビジネス</item>
	</config>
	<config module="Login">
		<item key="Login">パートナー、IT ビジネス</item>
    <item key="Title">なります パートナー、IT ビジネス</item>
    <item key="UserName">なります</item>
    <item key="Password">パートナー、IT ビジネス</item>
    <item key="PageTitle">You パートナー、IT ビジネス not なります なります.</item>
    <item key="ChineseName">なります name</item>
    <item key="EnglishName">パートナー、IT ビジネス</item>
    <item key="Role">なります</item>
    <item key="Submit">パートナー、IT ビジネス</item>
	</config>
	<config module="ButtonText">
		<item key="Blog">パートナー、IT ビジネス</item>
		<item key="Bokee">パートナー、IT ビジネス</item>
		<item key="Message">なります</item>
		<item key="Exit">なります</item>
		<item key="Save">なります</item>
		<item key="Cancel">なります</item>
		<item key="OK">なります</item>
		<item key="View">なります</item>
    <item key="New">なります</item>
    <item key="Del">なります</item>
    <item key="KindMgr">なります なります</item>
    <item key="Return">Return</item>
	</config>
	<config module="Header">
		<item key="Home">パートナー、IT ビジネス</item>
		<item key="HomeLink">、IT ビジ</item>
		<item key="Blog">なります</item>
		<item key="BlogLink">、IT ビジ</item>
		<item key="Bbs">なります</item>
		<item key="BbsLink">、IT ビジ</item>
	</config>
	<config module="Error">
		<item key="Title">トナー、I!</item>
	</config>
	<!-- The following are the module localized-->
	<config module="SysAdmin">
		<item key="InsertSuccess">なります!</item>
	</config>
  <config module="Result">
    <item key="Success">なります</item>
  </config>
  <config module="Message">
    <item key="Welcome">
      なりますなりますなりますなりますなりますなりますなりますなりますなりますなります
    </item>
    <item key="About Us">
      なりますナ
    </item>
  </config>
  <!--Db localized-->
  <config module="UserInfo">
    <item key="UserId">User なります</item>
    <item key="UserName">なります Name</item>
    <item key="Password">なります</item>
  </config>
  <config module="Menu">
    <item key="Home">なりま</item>
    <item key="About">りま</item>
    <item key="Help">トナー</item>
    <item key="Info">トーナーー</item>
    <item key="Admin">トーナーー</item>
    <item key="View3">トーナーー</item>
    <item key="View4">トーナーー</item>
  </config>
</Resource>