<?xml version="1.0" standalone="yes"?>
<Resource xmlns:xsi="http://www.w3.org/2001/XMLSchema-instance">
	<!--System localized-->
	<config module="Product">
    <item key="IndexTitle">管理</item>
		<item key="Title">智睿方案框架管理系统</item>
    <item key="SubTitle">——基于面向服务的三层架构</item>
		<item key="Copyright">版权所有 智睿软件 二零零零年-二零零八年</item>
    <item key="Architect">沪ICP备07505171号</item>
	</config>
	<config module="Login">
		<item key="Login">登陆</item>
    <item key="Logout">退出</item>
		<item key="UserName">用户</item>
		<item key="Password">密码</item>
		<item key="Title">登陆系统</item>
		<item key="PageTitle">您还没有登陆</item>
    <item key="ChineseName">中文名称</item>
    <item key="EnglishName">英文名称</item>
    <item key="Role">角色</item>
    <item key="Submit">提交</item>
    <item key="Welcome">欢迎</item>
	</config>
	<config module="ButtonText">
		<item key="Blog">博客</item>
		<item key="Bokee">全博客</item>
		<item key="Message">消息</item>
		<item key="Exit">退出</item>
		<item key="Save">保存</item>
		<item key="Cancel">取消</item>
		<item key="OK">确定</item>
		<item key="View">查看</item>
    <item key="New">新建</item>
    <item key="Del">删除</item>
    <item key="Return">返回</item>
    <item key="Modify">修改</item>
    <item key="Register">注册</item>
    <item key="Query">查询</item>
    <item key="KindMgr">分类管理</item>
    <item key="WannaComment">我要评论</item>
	</config>
	<config module="Header">
		<item key="Home">首页</item>
		<item key="HomeLink">http://www.zivsoft.com</item>
		<item key="Blog">博客</item>
		<item key="BlogLink">http://blog.zivsoft.com</item>
		<item key="Bbs">论坛</item>
		<item key="BbsLink">http://bbs.zivsoft.com</item>
	</config>
	<config module="Error">
		<item key="Title">操作失败！</item>
	</config>
	<!-- The following are the module localized-->
	<config module="SysAdmin">
		<item key="InsertSuccess">操作成功！</item>
	</config>
  <!--Theme-->
  <config module="Theme">
    <item key="Spring">春天[当前风格]</item>
    <item key="Summer">夏天[当前风格]</item>
    <item key="Autumn">秋天[当前风格]</item>
    <item key="Winter">冬天[当前风格]</item>
  </config>
  <!--Menu localized-->
  <config module="Menu">
    <item key="Home">首页</item>
    <item key="ViewFields">视图配置</item>
    <item key="RoleInfo">角色管理</item>
    <item key="UserInfo">会员管理</item>
    <item key="RoleAccess">权限管理</item>
    <item key="Info">信息发布查询平台</item>
    <item key="ModInfo">模块管理</item>
    <item key="Admin">管理</item>
    <item key="Account">资金管理</item>
    <item key="About">关于</item>
    <item key="Help">帮助</item>
    <item key="Forefront">前台</item>
  </config>
  <!--Db localized-->
  <config module="UserInfo">
    <item key="UserId">账号</item>
    <item key="UserName">中文名称</item>
    <item key="UserEnName">英文名称</item>
    <item key="Password">密码</item>
    <item key="RoleId">角色</item>
    <item key="IP">IP地址</item>
    <item key="Theme">风格</item>
    <item key="LoginTime">上次登陆时间</item>
    <item key="VerLanguage">当前用户语言</item>
  </config>
  <config module="ViewFields">
    <item key="ViewId">视图编号</item>
    <item key="IsNull">是否为空</item>
    <item key="GroupName">分组</item>
    <item key="IsGridVisible">列表是否可见</item>
    <item key="IsQuery">是否查询</item>
    <item key="IsVisible">是否编辑可见</item>
    <item key="MultiLine">行数</item>
    <item key="FieldId">字段名称</item>
    <item key="FieldType">字段类型</item>
    <item key="IsPK">是否主键</item>
    <item key="IsWrite">是否可写</item>
    <item key="ColumnNo">序号</item>
    <item key="DefaultValue">默认值</item>
    <item key="FieldLen">字段长</item>
  </config>
  <!--db-->
  <config module="ModInfo">
    <item key="Isvalid">是否启用</item>
    <item key="ModId">编号</item>
    <item key="ModName">模块名称</item>
    <item key="NavigateUrl">链接地址</item>
  </config>
  <config module="RoleInfo">
    <item key="RoleId">编号</item>
    <item key="RoleName">角色名称</item>
  </config>
  <config module="RoleName">
    <item key="System">金牌会员</item>
    <item key="Admin">银牌会员</item>
    <item  key="GUEST">普通会员</item>
  </config>
  <config module="ChangePassword">
    <item key="ChangePassword">修改密码</item>
    <item key="OK">修改</item>
    <item key="Success">修改成功</item>
    <item key="Fail">修改失败</item>
  </config>
  <config module="RoleAccess">
    <item key="RoleId">角色编号</item>
    <item key="ModId">模块编号</item>
  </config>
  <config module="Account">
    <item key="Id">编号</item>
    <item key="Money">消费金额</item>
    <item key="Date">消费时间</item>
  </config>
  <config module="Result">
    <item key="Success">操作成功</item>
  </config>
  <config module="Message">
    <item key="Welcome">欢迎关注智睿方案框架管理系统</item>
    <item key="About Us">软件架构 技术团队</item>
  </config>
</Resource>