<?xml version="1.0" standalone="yes"?>
<Resource xmlns:xsi="http://www.w3.org/2001/XMLSchema-instance">
	<!--System localized-->
	<config module="Product">
		<item key="IndexTitle">Demo Index</item>
		<item key="Title"></item>
    <item key="SubTitle">Be good at B/S solution</item>
		<item key="Copyright">Copyright zivsoft.com 2000-2007</item>
	</config>
	<config module="Login">
		<item key="Login">Login</item>
    <item key="Title">Login Title</item>
    <item key="UserName">User</item>
    <item key="Password">Password</item>
    <item key="PageTitle">You have not logined yet.</item>
    <item key="ChineseName">Chinese name</item>
    <item key="EnglishName">English name</item>
    <item key="Role">Role</item>
    <item key="Submit">Submit</item>
    <item key="Welcome">Welcome</item>
    <item key="Logout">Logout</item>
	</config>
	<config module="ButtonText">
		<item key="Blog">Blog</item>
		<item key="Bokee">Bokee</item>
		<item key="Message">Message</item>
		<item key="Exit">Exit</item>
		<item key="Save">Save</item>
		<item key="Cancel">Cancel</item>
		<item key="OK">OK</item>
		<item key="View">View</item>
    <item key="New">New</item>
    <item key="Del">Delete</item>
    <item key="KindMgr">Category Manager</item>
    <item key="Return">Return</item>
	</config>
  <config module="Menu">
    <item key="Home">Home</item>
    <item key="About">About Us</item>
    <item key="Admin">Manage</item>
    <item key="Forefront">Foresite</item>
  </config>
	<config module="Header">
		<item key="Home">Homepage</item>
		<item key="HomeLink">http://www.zivsoft.com</item>
		<item key="Blog">Blog</item>
		<item key="BlogLink">http://blog.zivsoft.com</item>
		<item key="Bbs">Bbs</item>
		<item key="BbsLink">http://bbs.zivsoft.com</item>
	</config>
	<config module="Error">
		<item key="Title">Page Error!</item>
	</config>
	<!-- The following are the module localized-->
	<config module="SysAdmin">
		<item key="InsertSuccess">Successfully!</item>
	</config>
  <config module="Result">
    <item key="Success">Success</item>
  </config>
  <config module="Message">
    <item key="Welcome">
      To learn more about Zivsoft visit www.zivsoft.com
    </item>
    <item key="About Us">
      We are the SSA.
    </item>
  </config>
  <!--Db localized-->
  <config module="UserInfo">
    <item key="UserId">User Id</item>
    <item key="UserName">User Name</item>
    <item key="Password">Password</item>
    <item key="IP">IP</item>
    <item key="RoleId">Role</item>
    <item key="VerLanguage">Language</item>
    <item key="LoginTime">Date</item>
    <item key="Theme">Theme</item>
  </config>
  <config module="ViewFields">
    <item key="IsNull">null</item>
    <item key="DefaultValue">value</item>
    <item key="MultiLine">line</item>
    <item key="FieldName">fn</item>
    <item key="IsVisible">fn</item>
    <item key="Regex">fn</item>
    <item key="DecimalLen">fn</item>
    <item key="FieldType">fn</item>
  </config>
</Resource>