<?xml version="1.0"?>
<lphantSkin version="0.01">
  <colors>
    <color key="defaultBackColor" value="FFDEE7F7" />
    <color key="defaultForeColor" value="FF444597" />
    
    <color key="labelsForeColor" value="FF444597" />
    <color key="labelsBackColor" value="FFEBF1FA" />

    <color key="listsForeColor" value="FF444597" />
    <color key="listsBackColor" value="FFFFFFFF" />
    <color key="listsHeaderBackColor" value="FFDEE7F7" />
    <color key="listsHeaderForeColor" value="FF000000" />
    <color key="listsScrollBarBackColor" value="00F7E7DE" />
        
    <color key="ButtonForeColor" value="FF444597" />
    <color key="ButtonBackColor" value="FFEBF1FA" />

    <color key="TextBoxForeColor" value="FF000000" />
    <color key="TextBoxBackColor" value="FFFFFFFF" />
    
    <color key="readOnlyTextBoxForeColor" value="FF444597" />
    <color key="readOnlyTextBoxBackColor" value="FFEBF1FA" />

    <color key="SquaredLabelsBackColor" value="FFDEE7F7" />
    <color key="SquaredLabelsForeColor" value="FF000000" />
    
    <color key="panelsBackColor" value="FFEBF1FA" />
    <color key="SplittersBackColor" value="FFDEE7F7" />
    <color key="ToolBarButtonSelectedBackColor" value="FFFFFFFF" />
    <color key="ToolBarButtonHoverColor" value="FFFFFFFF" />
    <color key="ToolBarButtonInactiveBackColor" value="00FFFFFF" />
    <color key="ToolBarButtonTextColor" value="FF444597" />
    <color key="StatusBarMessageTextColor" value="FF444597" />
    <color key="StatusBarServerTextColor" value="FF444597" />
    <color key="StatusBarDownSpeedTextColor" value="FF008000" />
    <color key="StatusBarUpSpeedTextColor" value="FFFF0000" />
    <color key="StatusBarAvgTextColor" value="FF444597" />
    <color key="GraphicGridColor" value="FFDEE7F7" />
    <color key="GraphicDownLineColor" value="FF008000" />
    <color key="GraphicUpLineColor" value="FFFF0000" />

    <color key="SearchAlreadyDownloadingItemColor" value="FFFF0000" />
    <color key="SearchAlreadyDownloadedItemColor" value="FF008000" />
    
    <color key="tabsInactiveForeColor" value="80000000" />

  </colors>
  
  <positions>
	<position key="BtnOptionsPosition" x="326" y="18" />
	<position key="BtnConnectionPosition" x="350" y="18" />
	<position key="SmallGraphicPosition" x="7" y="6" />
	<position key="BigGraphicPosition" x="7" y="6" />
  </positions>
  
  <sizes>
	<size key="BtnOptionsSize" width="24" height="25" />
	<size key="BtnConnectionSize" width="24" height="30" />
	<size key="SmallGraphicSize" width="296" height="38" />
	<size key="BigGraphicSize" width="296" height="148" />
	<size key="GraphicLinesWidth" width="1" height="0" />
  </sizes>
</lphantSkin>